name,feature_types,detail_text,see_also,source_page
"ACOSTA, DIPUTADA EMAR",canteros centrales,"Ley Nº 1.124-2003, BO Nº 1.818. Emar Acosta (1900-1965), abogada; gracias a la reforma constitucional de 1927, realizada en la provincia de San Juan por iniciativa del gobierno de Aldo Cantoni, que establece el derecho de la mujer a elegir y ser elegida, es la primera mujer diputada de la provincia y de la República Argentina, durante los períodos 1934-1938 y 1942-1943. Como legisladora se dedica a la reforma de códigos provinciales en favor de los derechos de la mujer. Funda la Asociación de Cultura Cívica de la Mujer Sanjuanina y auspicia la creación de los Patronatos de Menores y de Presos y Excarcelados.",,33
AEROLÍNEAS ARGENTINAS,calle,"Ordenanza N° 26.700-1972, BM N° 14.311. Aerolíneas Argentinas: empresa argentina de navegación aérea creada por Decreto del 3 de mayo de 1949 a raíz de la fusión de las empresas Aeroposta Argentina, Sociedad Mixta Flota Aéreo Mercante (FAMA), Sociedad Mixta Zonas Oeste y Norte (ZONDA) y Sociedad Mixta de Aviación Territorial Fluvial Argentina (ALFA).",,33
ÁFRICA,cantero central,"Ordenanza N° 42.815-1988, BM N° 18.593. África: uno de los cinco continentes en que se halla dividida la tierra.",,34
"AGÜERO, JOSÉ EUSEBIO",plazoleta,"Decreto-Ordenanza N° 11.237-1963, BM N° 12.155. José Eusebio Agüero (1791-1864) sacerdote; prefecto del Colegio de la Unión del Sud en 1818; diputado por Córdoba en el Congreso de 1826; profesor de Derecho Público Eclesiástico de la Universidad de Buenos Aires; rector del Colegio Nacional de Buenos Aires en 1863.",,35
"AGUSTINI, DELMIRA",cantero central,"Ley N° 644-2001, BO N° 1.303. Delmira Agustini (1886-1914) poetisa uruguaya; autora de El libro blanco (1907), Cantos de la mañana (1910) y Cálices vacíos (1913).",,35
"ALBERTE, MAYOR BERNARDO",cantero central,"Ley Nº 1.114-2003, BO Nº 1.818. Bernardo Alberte (1918-1976), militar; delegado del general Juan Domingo Perón entre 1967 y 1968; es asesinado el 24 de marzo de 1976.",,37
"ALMADA, DIPUTADO NACIONAL JORGE MARIANO",cantero central,"Ordenanza N° 44.740-1990, BM N° 18.962. Jorge Mariano Almada (1924-1967), político; diputado nacional entre 1963 y 1965; miembro del Partido Demócrata y secretario de la Federación Nacional de Partidos del Centro.",,38
"ALMANDOS ALMONACID, CAPITÁN AVIADOR VICENTE",plazoleta,"Ordenanza N° 38.425-1982, BM N° 16.914. Vicente Almandos Almonacid (1882-1953), aviador; fundador de la aviación comercial argentina; cruza la Cordillera de los Andes el 1° de enero y el 29 de marzo de 1920.",,39
"ALMA QUE CANTA, EL",plazoleta,"Ordenanza N° 44.467-1990, BM N° 18.922. El Alma que Canta: revista fundada en 1916 por Vicente Buchieri dedicada a la música popular; por sus páginas desfilaron las obras de famosos poetas y las canciones de numerosos autores de tango, fox trot, milonga, chacarera y otros ritmos.",,39
"AMALFITANI, JOSÉ",plazoleta,"Ordenanza N° 37.383-1982, BM N° 16.702. José Amalfitani (1894-1969), dirigente deportivo; presidente del Club Atlético Vélez Sarsfield durante treinta años.",,42
"ÁRABES, DE LA CIENCIA Y LA CULTURA",paseo,"Ordenanza N° 45.621- 1991, BM N° 19.233. De la Ciencia y la Cultura Árabes: homenaje a los representantes intelectuales, artísticos, científicos y culturales árabes.",,46
"ARAMBURU, TENIENTE GENERAL PEDRO EUGENIO",plaza,"Ordenanza N° 35.760-1980, BM N° 16.278. Pedro Eugenio Aramburu (1903-1970), militar y político; presidente de la República de 1955 a 1958.",,46
"ARATA, HÉCTOR FÉLIX",cantero central,"Ley N° 2.049-2006, BO N° 2.514. Héctor Félix Arata (1907-1993) historiador; miembro fundador de la Asociación de Fomento de Villa Urquiza y de otras instituciones del barrio; autor de Villa Urquiza. Sus primeros cien años.",,47
"ARTES LATINOAMERICANAS, DE LAS",paseo,"Ley N° 644-2001, BO N° 1.303. De las Artes Latinoamericanas: homenaje a los artistas y escritores latinoamericanos.",,51
"ATENZO, MECÁNICO MILITAR LEOPOLDO",calle,"Decreto del 9-1-1931, BM N° 2.424. Leopoldo Atenzo (1896-1930), mecánico militar; falleció en un accidente de aviación durante la revolución del 6 de septiembre de 1930.",,53
"AUTOMOVILISMO ARGENTINO, GLORIAS DEL",plaza,"Ley Nº 1.117-2003, BO Nº 1.818. Glorias del Automovilismo Argentino: homenaje a los cultores de este deporte que tuvo su inicio en la Argentina a comienzos del siglo XX. El primer Gran Premio se corre en 1910.",,53
"BALLESTRINO DE CAREAGA, ESTHER",espacio público,"Ley Nº 1.128- 2003, BO Nº 1818. Esther Ballestrino de Careaga (1918-1977), bioquímica y farmacéutica paraguaya; radicada en la Argentina desde 1947, es una de las fundadoras de Madres de Plaza de Mayo y participa desde el inicio en las rondas. El 8 de diciembre de 1977 es secuestrada en el operativo realizado en la Iglesia de la Santa Cruz. Sus restos fueron finalmente identificados por el Equipo Argentino de Antropología Forense, luego de haber sido encontrados en el cementerio de General Lavalle, cuando se exhuman siete cuerpos enterrados como NN que habían sido encontrados en las costas de San Bernardo y Santa Teresita entre diciembre de 1977 y enero de 1978. A través de análisis de ADN pudo confirmarse que tres de esos cadáveres eran los de Esther Ballestrino de Careaga, María Ponce de Bianco y Azucena Villaflor de De Vincenti.",,65
"BALLET ARGENTINO, PASEO DEL",cantero central,"Ordenanza N° 45.305- 1991, BM N° 19.182. Ballet Argentino: homenaje a los Bailarines del Teatro Colón, desaparecidos en el trágico accidente de avión del 10 de octubre de 1971.",,65
"BANDERITA, ESCUELA LA",plazoleta,"Ley N° 640-2001, BO N° 1.302. Escuela “La Banderita”: homenaje a la Escuela N° 16, DE 5, Sabina Bove de Bozza, ubicada hoy en Amancio Alcorta 3402, que comienza a funcionar en mayo de 1909 en el pasaje Servet, y desde esa época es reconocida con el nombre La Banderita, porque la bandera izada en su mástil se divisaba desde los cuatro puntos cardinales.",,66
"BASILICATA, REGIÓN",cantero central,"Ley Nº 1.762-2005, BO Nº 2.278. Región Basilicata: región del sur de Italia que comprende las provincias de Matera y Potenza.",,69
BEADE,calle,"Indicador Urbano de la Ciudad de Buenos Aires, J. G. La-Torre, año 1900, y Plano de la Ciudad de Buenos Aires, Municipalidad, año 1968. Fernando Beade (¿1842?-1916), comerciante; creador, junto con el doctor Eduardo Costa, de la Empresa y Puerto de Campana, participa en la fundación de esa ciudad; dona los terrenos donde se encuentra esta calle. Cabe señalar que Enrique Udaondo y Adrián Béccar Varela, en la obra Plazas y calles de Buenos Aires, significación histórica de sus nombres, Buenos Aires, 1910, mencionan como dueño de esas tierras al escribano Fernando Beade (1882-1955), quien fue en realidad hijo del originario dueño y donante de las mismas.",,70
"BECHER, EMILIO",calle,"Emilio Becker por Ordenanza N° 8.523-1937, BM N° 4.867 y por Decreto N° 1.592-1955, BM N° 10.245, su nombre actual. Emilio Becher (1882-1921), periodista del diario La Nación, donde escribe con el seudónimo de Stylo; autor de Diálogos de las sombras.",,70
"BELLO, DIPUTADO NACIONAL CARLOS",paseo,"Ley N° 399-2000, BO N° 983. Carlos Bello (1936-1989), político radical de la Boca y Barracas; concejal de la ciudad de Buenos Aires de 1973 a 1976 y diputado nacional entre 1985 y 1989.",,72
BERGANTÍN VIGILANTE,calle,"Ordenanza N° 31.649-1975, BM N° 15.127. Bergantín Vigilante: nave que, junto con el Belgrano, Echagüe y San Martín, integra la escuadra de Brown en 1841.",,74
"BERNASCONI, IRENE",cantero central,"Ley N° 892-2002, BO N° 1.545. Irene Bernasconi (1897-1989), investigadora y bióloga; se consagra al estudio de las ciencias naturales, especializándose en zoología en el Museo Argentino Bernardino Rivadavia; en 1947 obtiene el premio Dr. Eduardo Holmberg por su obra Asteroides argentinos (estrellas de mar); es autora de Equinodermos: resultado de la primera expedición a Tierra del Fuego, Los equinodermos de los mares argentinos y Los asteroides sudamericanos de la familia Indiae.",,75
"BERNI, ANTONIO",cantero central,"Ley N° 644-2001, BO N° 1.303. Antonio Berni (1905-1981), artista plástico; es laureado con el premio máximo en la sección de dibujo y grabado en la Bienal de Venecia en 1962; presidente de la Asociación Argentina de Artistas Plásticos; autor de las obras La siesta, Desocupados, Manifestación, Chacareros, Villa Cartón, Villa Piolín y la célebre serie de Juanito Laguna.",,75
"BOMBEROS, POLICÍA FEDERAL ARGENTINA, SUPERINTENDENCIA DE",plazoleta,"Ordenanza N° 44.611-1990, BM N° 18.948. Superintendencia de Bomberos, Policía Federal Argentina: homenaje a los bomberos de la Policía Federal Argentina, cuerpo creado el 2 de enero de 1870, con el nombre de Vigilantes Bomberos.",,80
"BORES, TATO",espacio público,"Ley Nº 2.157-2006, BO Nº 2.602. Mauricio Borensztein (1927-1996); actor conocido como Tato Bores. Inicia su carrera en la radio en la década de 1940 y en el cine en 1948. En la televisión se impone como un notable monologuista. Su personaje más destacado es el que, desde 1958, realiza los domingos en Tato y sus monólogos, Tato siempre en domingo, Por siempre Tato, Dígale sí a Tato, Déle crédito a Tato, Tato versus Tato, Tato de América y Good Show, entre otros títulos, donde aparece vestido de frac, peluca, lentes y habano. Su lucidez e ironía analizando la realidad política nacional le valieron el apoyo del público y también la atención de la censura.",,81
"BOROWSKY, MICHEL",cantero central,"Ordenanza N° 45.305-1991, BM N° 19.182. Michel Borowsky (1910-1971), bailarín; maestro y coreógrafo del Teatro Colón.",,81
"BRASIL, REPÚBLICA FEDERATIVA DEL",plaza,"Estados Unidos del Brasil por Ordenanza N° 15.265-1959, BM N° 11.171. Modificada por Ordenanza N° 38.840-1983, BM N° 17.007, su nombre actual. República Federativa del Brasil: país sudamericano. Capital: Brasilia.",,83
"BROGGI, DARÍO",plazoleta,"Ley Nº 1.565-2004, BO Nº 2.115. Darío Broggi (¿1861?-1933) sacerdote de origen italiano; llega a Buenos Aires con el propósito de asistir a los inmigrantes de esa nacionalidad; a su iniciativa se debe la erección del Santuario de Nuestra Señora de Pompeya, cuya piedra fundamental se coloca el 14 de mayo de 1896; impulsa la creación del colegio de Artes y Oficios de Nueva Pompeya que pasa a pertenecer a la Sociedad de Conservación de la Fe.",,83
"BUENOS AIRES, PROVINCIA DE",cantero central,"Ordenanza N° 42.882- 1988, BM N° 18.357. Buenos Aires: provincia de la República Argentina. Capital: La Plata.",,85
"BUSTILLO, ARQUITECTO ALEJANDRO",plaza,"Ley N° 843-2002, BO N° 1.509. Alejandro Bustillo (1889-1982), pintor, escultor y arquitecto; entre sus obras se destacan el Museo Nacional de Bellas Artes, el conjunto del Casino y Hotel Provincial de Mar del Plata, el Banco de la Nación Argentina y el Hotel Llao- Llao de Bariloche.",,86
"CABRINI, SANTA FRANCISCA JAVIER",espacio verde,"Ordenanza N° 52.143-1997, BM N° 383. Francisca Javier Cabrini (1850-1917), religiosa y educadora de origen italiano; funda en 1880 el Instituto de las Misioneras del Sagrado Corazón de Jesús; canonizada por Pío XII en 1946, es declarada en 1950 Patrona Universal de los Emigrantes.",,92
"CALÓ, MIGUEL",plazoleta,"Ordenanza N° 45.591-1991, BM Nº 19.205. Miguel Caló (1907-1972), músico, bandoneonista; director de orquesta; compositor de Todo es mentira, Mi gaucha, Garabino y Qué falta que me hacés.",,96
"CAMBIASSO, ANTONIO",plazoleta,"Ordenanza N° 43.397-1988, BM N° 18.518. Antonio Cambiasso (¿-?), homenaje a uno de los primeros pobladores del barrio Villa del Parque, que alrededor de 1906 donó los solares donde se levantó la capilla de la Santísima Virgen Niña y la plaza Aristóbulo del Valle.",,96
"CANARIAS, ISLAS",cantero central,"Ley N° 895-2002, BO N° 1.545. Islas Canarias: archipiélago español en el Atlántico, dividido en dos provincias: Santa Cruz de Tenerife y Las Palmas. CANARO, FRANCISCO (Patio de recreación). Ordenanza Nº 44.572-1990, BM Nº 18.944. Francisco Canaro: nombre artístico de Francisco Canarozzo (1888-1964), violinista, compositor y director de orquesta uruguayo; en 1940 se nacionaliza argentino. Es el creador del tango-milonga y también uno de los que más contribuye a la extensión y popularidad del tango en Europa. Autor de Sentimiento gaucho, Madreselva y Adiós pampa mía, entre otras.",,99
CARAS Y CARETAS,plazoleta,"Ley N° 564-2001, BO N° 1.185. Caras y Caretas: revista que marca una época en la gráfica argentina; aparece el 8 de octubre de 1898 y se mantiene hasta el 17 de octubre de 1939.",,102
"CARBONI, CARLOS",cantero central,"Ley Nº 2.049-2006, BO Nº 2.514. Carlos Carbone (1901-1989), maestro fileteador de origen italiano; es, entre los fileteadores, uno de los más finos y armoniosos. Sus “tablas” fileteadas se exhiben en el Museo de la Ciudad y en el Museo de Arte Contemporáneo Luís González Robles de la Universidad de Alcalá de Henares (España).",,102
"CÁRPENA, ELÍAS",cantero central,"Ley Nº 2.047-2006, BO Nº 2.515. Elías Cárpena (1897-1988), escritor y poeta; autor de El cuatrero Montenegro, El doradillo, El inglés del bañado y Romances del pago de la Matanza.",,103
"CARPENTIER, ALEJO",cantero central,"Ley N° 644-2001, BO N° 1.303. Alejo Carpentier (1904-1980), escritor, novelista y diplomático cubano; autor de La música en Cuba, El reino de este mundo, Los pasos perdidos, El siglo de las luces, El recurso del método, La consagración de la primavera y El arpa y la sombra.",,103
"CARRICA, IRMA",cantero central,"Ley Nº 1.403-2004, BO Nº 2.021. Irma Leonor Laciar de Carrica (1926-1977), enfermera, docente y gremialista; se desempeña como profesional y representante gremial en el Hospital Alejandro Posadas y en el Hospital Rivadavia; docente en la Oficina Panamericana de la Salud y en la Universidad de Buenos Aires; miembro de la Asociación de Trabajadores del Estado. Es secuestrada el 18 de abril de 1977. Permanece desaparecida.",,105
"CASA DEL ÁNGEL, LA",cantero central,"Ley N° 647-2001, BO N° 1.303. La Casa del Ángel: película dirigida por Leopoldo Torre Nilson; con la actuación de Elsa Daniel y Lautaro Murúa, en 1957.",,106
"CASTELAO, ALFONSO R.",plazoleta,"Ordenanza N° 16.537-1960, BM N° 11.406. Alfonso Daniel Rodríguez Castelao (1886-1950), escritor, dibujante y político español; diputado en las Cortes Constituyentes en 1931 y 1936, exiliado en la Argentina al finalizar la Guerra Civil Española; autor de Cousas, Cousas da vida, Coarenta homes por des réas y Os dóus de sempre.",,107
"CATALINAS, VILLA DE LAS",plazoleta,"Ordenanza N° 42.219-1987, BM N° 18.148. Villa de las Catalinas: primera denominación que tuvo el barrio Villa Urquiza; fundado el 2 de octubre de 1887 por don Francisco Seeber.",,110
"CAVAGNA MARTÍNEZ, ILDEFONSO FÉLIX",plaza,"Ordenanza Nº 47.222- 1993, BM N° 19.763. Ildefonso Félix Cavagna Martínez (1905-1971), jurisconsulto; Escribano Mayor de la provincia de Buenos Aires; en 1946 elabora las bases que dan origen al IAPI (Instituto Argentino de Promoción del Intercambio); presidente del Banco Nación de 1946 a 1949; ministro de Relaciones Exteriores en 1955; autor de Función de la tierra rural.",,110
"CAZÓN, HIGINIO",cantero central,"Ley Nº 2.049-2006, BO Nº 2.514. Higinio D. Cazón (1866-1914), poeta y payador; autor de Alegrías y Pesares, donde aparece su composición “Bajo el ombú copioso”. El 30 de junio de 1896 protagoniza una célebre payada con Gabino Ezeiza en el escenario del teatro Doria. Su nombre perdura en la letra del tango Café de los Angelitos (“bar de Gabino y Cazón”) de Cátulo Castillo.",,111
"CENTEYA, JULIÁN",plazoleta,"Ordenanza N° 39.896-1984, BM Nº 17.352. Julián Centeya: seudónimo de Amleto Enrique Vergiat (1910-1974), escritor y poeta porteño de origen italiano; autor de La musa mistonga, El misterio del tango y de los poemas de los discos Antología lunfarda y El hombre gris de Buenos Aires.",,111
"CHERTKOFF, FENIA",espacio verde,"Fenia Chertcoff por Ordenanza N° 52.180-1997, BO N° 422, y por Ley N° 702-2001, BO N° 1.362, su nombre actual. Fenia Chertkoff de Repetto (1869-1928), feminista, educadora y escritora de origen ruso; impulsa el desarrollo de bibliotecas; funda el centro Socialista Femenino para la defensa de los derechos civiles y sociales de las mujeres en 1902 y crea la Asociación de Bibliotecas y recreos infantiles en 1913; esposa del dirigente socialista Nicolás Repetto.",,116
"CINE, PASEO DEL",canteros centrales,"Ley N° 647-2001, BO N° 1.303. Cine: término popular con el que se conoce al medio de comunicación social que se basa en la representación de imágenes en movimiento, mediante la técnica del cinematógrafo. Homenaje general a los creadores y a las creaciones de la cinematografía argentina. Cabe destacar que por Ordenanza Nº 49.599-1995, BM Nº 20.154 se rindió otro homenaje a esta actividad artística, cuando se declaró “calle del Cine al tramo de la calle Lavalle que va desde Carlos Pellegrini hasta la calle Florida” debido a la cantidad de salas que allí funcionaron durante muchos años. No obstante, como se señala expresamente, esta disposición es sólo una declaración que no alteraba ni altera la nomenclatura de la calle Lavalle.",,118
CIRO EL GRANDE,plazoleta,"Ordenanza N° 48.885-1994, BM Nº 19.959. Ciro ll, el Grande o el Viejo (560-529 a.C.), fundador del Imperio Persa de los Aqueménidas.",,119
COMUNIDAD ORGANIZADA,puente peatonal,"Ley Nº 646-2001, BO Nº 1.303. La Comunidad Organizada: título de la conferencia pronunciada el 9 de abril de 1949 por el entonces presidente de la Nación, general Juan Domingo Perón, en el acto de clausura del Primer Congreso Nacional de Filosofía realizado en la ciudad de Mendoza, en la que plantea los principios ideológicos de su pensamiento político.",,123
"CONGO, REPÚBLICA DEMOCRÁTICA DEL",espacio verde,"Ley Nº 1.381- 2004, BO Nº 2.005. República Democrática del Congo: país africano. Capital: Brazzaville.",,124
COOPERADORAS ESCOLARES,plazoleta,"Ley Nº 972-2002, BO Nº 1.614. Cooperadoras Escolares: en reconocimiento a la labor desarrollada por estas entidades de bien público que han promovido el acercamiento de las familias a las escuelas y colaborado en el sostenimiento de las mismas.",,127
"CORREO, DEL",plaza,"Ordenanzas Nº 35.522-1980, BM Nº 16.210 y N° 39.385-1983, BM N° 17.106. Del Correo: homenaje al Correo Argentino y al telégrafo en ocasión de celebrarse en 1983 el Año Mundial de las Comunicaciones.",,129
CORTO MALTÉS,cantero central,"Ley N° 431-2000, BO N° 1.002. Corto Maltés: personaje que da nombre a la historieta creada por el dibujante y escritor Hugo Pratt en 1967.",,130
"COSTAMAGNA, SANTIAGO",calle,"Ordenanza N° 35.154-1979, BM N° 16.096. Santiago Costamagna (1846-1921), sacerdote italiano; encabeza la tercera expedición de misioneros salesianos enviados a América; viaja en 1878 a la Patagonia para iniciar su obra apostólica en la región; acompaña a Roca, en 1879, en su expedición al Río Negro; Vicario Apostólico de Méndez y Guadaquiza, Ecuador, en 1894; autor de Compelle Intrare.",,131
"CRUCIANI, JULIO",cantero central,"Ley Nº 1.435-2004, BO Nº 2.038. Julio Cruciani (1898-1949), médico e investigador; participa en el movimiento estudiantil que culmina con la Reforma Universitaria de 1918; en 1927 es jefe de Trabajos Prácticos de Patología Médica de la Cátedra del profesor Juan José Vitón. Es autor del libro Asma, interpretación actual, especialidad a la que se dedica en el Hospital Ramos Mejía, en el primer servicio de asistencia pública de esta enfermedad, donde es nombrado jefe del Consultorio de Asma.",,133
"CUMPARSITA, LA",plazoleta,"Ordenanza Nº 51.997-1997. La Cumparsita: tango compuesto por Gerardo H. Matos Rodríguez, en 1917 en Montevideo (Uruguay); su primera versión orquestal estuvo a cargo de la agrupación de Roberto Firpo y la primera llevada al disco correspondió al conjunto dirigido por Alberto Alonso y Minoto Di Cico, quienes la registraron en 1917 para la Casa Víctor en Buenos Aires.",,135
"DE AMICIS, EDMUNDO",calle,"Edmundo D´Amicis por Ordenanza N° 2.720 del 28-6-1928 y por Ley N° 2.534/07, BO N° 2.832 su nombre actual. Edmundo De Amicis (1846-1908), escritor italiano; autor de Corazón y Muertos y Vivos.",,145
"DELFINO, ENRIQUE",cantero central,"Ley Nº 2.049-2006, BO Nº 2.514. Enrique Pedro Delfino (1895-1967), pianista; compositor de Sans Souci, Re Fa Si, Milonguita, Griseta, Aquel tapado de armiño y Padrino pelao. Contribuye con su música en las películas La vuelta de Rocha, Tres anclaos en Paris y Los tres berretines, entre otras.",,146
"DEMARE, LUCIO",cantero central,"Ordenanza N° 45.591-1991, BM N° 19.205. Lucio Demare (1906-1974), pianista; compositor de Mañanitas de Montmartre, Dandy, Malena y Solamente ella.",,148
"DICKMANN, DOCTOR ADOLFO",calle,"Ordenanza N° 18.271-1961, BM N° 11.731. La Ordenanza Nº 18.862-1963, BM Nº 12.263, restituye su nombre actual. Adolfo Dickmann (1882-1938), odontólogo y político; concejal socialista en Buenos Aires de 1919 a 1920; diputado nacional de 1922 a 1930 y de 1930 a 1936; autor de Los argentinos naturalizados en la política, Nacionalismo y socialismo y En defensa del petróleo nacional. 18 DE DICIEMBRE DE 1872 “CREACIÓN DE LA ESTACIÓN LINIERS” (espacio verde). Ley N° 891-2002, BO N° 1.544. 18 de diciembre de 1872: fecha del acta del directorio del Ferrocarril de la provincia por el que se resuelve imponer el nombre de Liniers al apeadero que se había acordado construir y que se inaugurará finalmente en septiembre de 1876 (información proporcionada por el historiador del transporte Alberto Bernades).",,151
DON FULGENCIO,cantero central,"Ley N° 431-2000, BO Nº 1.002. Don Fulgencio: personaje que dio nombre a la historieta creada por Lino Palacio en 1932.",,154
DON PEPE,plaza,"Ordenanza N° 43.150-1988, BM N° 18.443. José Sciarrotta (1905-1998), filántropo; conocido en el barrio de Barracas por “Don Pepe”; colabora en la construcción de esta plaza y se hizo estimado por su noble gesto de entregar juguetes y golosinas a los niños.",,154
"DRESCO, ARTURO ANTONIO",calle,"Ordenanza N° 43.944-1989, BM N° 18.691. Arturo Antonio Dresco (1875-1961), escultor; profesor y vicedirector de la Academia Nacional de Bellas Artes; autor del Monumento a España y a Juan Larrea.",,155
"EGUÍA, DOCTOR OSVALDO",calle,"Decreto N° 1.339-1945, BM Nº 7.409. Osvaldo Fermín Eguía (¿-?), médico; actúa durante la epidemia de fiebre amarilla de 1871 y diagnostica los primeros casos que aparecieron; director del Hospital de Alienados de 1871 a 1890.",,163
"ENDORCIA, PADRE FERNANDO",cantero central,"Ley Nº 1.762/2005, BO Nº 2.278. Fernando Endorcia (1921-1985), sacerdote; conocido como el cura “albañil”; tiene una destacada actuación en el barrio de Mataderos, dedica su vida a ayudar a los más humildes de la comunidad; crea la Iglesia y dirige el Colegio Nuestra Señora de Luján de los Patriotas. ENRIQUE “EL NAVEGANTE”, INFANTE DON (plazoleta). Ordenanza N° 14.636-1962, BM N° 11.930. Enrique “El Navegante” (1394-1460), príncipe de Portugal que emprende el descubrimiento de las costas africanas del Atlántico; descubre así la Isla de Madera en 1418; las islas Azores de 1432 a 1457; el Río del Oro en 1436 y Senegal en 1445.",,165
"ESTÉVEZ, MANUEL",calle,"Ordenanza N° 44.667-1990, BM N° 18.937. Manuel Estévez (1824-1893), político de origen español; juez de Paz (1858- 1859 y 1880); presidente de la Comisión Municipal de Higiene (1867) de Barracas al Sur (hoy Avellaneda); intendente de Barracas al Sur (1889).",,171
EVITA,plaza,"Ordenanza N° 51.924-1997, BO Nº 293. Evita: diminutivo con el que se identifica popularmente a María Eva Duarte de Perón (1919-1952). Véase PERÓN, EVA (avenida y plazoleta). También se la recuerda en la plazoleta ABANDERADA DE LOS HUMILDES",,172
"EXPÓSITO, HOMERO",cantero central,"Ley Nº 2744-2008. BO Nº 2.973. Homero Aldo Expósito (1918-1987), poeta y compositor; autor de Tristezas de la calle Corrientes, Margo, Afiches, Sexto piso, Trenzas, Yuyo verde y Ese muchacho Troilo; y junto a su hermano Virgilio, de Farol, Maquillaje y Naranjo en Flor.",,172
"FILIPINAS, PASEO REPÚBLICA DE",cantero central,"Ordenanza Nº 21.625- 1966, BM N° 12.925. Filipinas: estado del sudeste asiático. Capital: Manila.",,179
"FILIPO, PRESBÍTERO VIRGILIO",cantero central,"Ordenanza Nº 45.597- 1991, BM N° 19.225. Virgilio Filipo (1896-1969), sacerdote; capellán del Orfelinato Regina Colle; párroco de la Inmaculada Concepción de Belgrano desde 1939; diputado nacional y adjunto eclesiástico a la presidencia de la Nación (1947-1948).",,179
"FONTENLA, NORMA",cantero central,"Ordenanza N° 45.305-1991, BM N° 19.182. Norma Fontenla (1929-1971), primera bailarina del Teatro Colón; recibe el premio de mejor bailarina en el Festival Internacional de París. Muere junto con ocho bailarines al caer el avión donde viajaba en la costa del Río de la Plata el 10 de octubre de 1971.",,182
FORJA,cantero central,"Ley N° 897-2002, BO Nº 1.545. Fuerza de Orientación Radical de la Joven Argentina: movimiento político surgido de la Unión Cívica Radical y creado el 29 de junio de 1935 por Arturo Jauretche, Homero Manzi y otros, con la finalidad de reivindicar el ideario de Hipólito Yrigoyen; su primer presidente es el doctor Luís Dellepiane. Su proclama “somos una Argentina colonial, queremos ser una Argentina Libre” tendrá particular importancia entre la fecha de su creación y el año 1945, cuando muchos de sus miembros se integran al naciente movimiento peronista.",,182
"FOUILLER, FÉLIX O.",calle,"Ordenanza N° 16.331-1960, BM N° 11.405. Félix O. Fouiller (1882-1937), periodista y funcionario; secretario del intendente Cantilo; fundador y presidente de la Biblioteca Domingo F. Sarmiento de Villa Pueyrredón, barrio en el cual, junto con el de Villa Urquiza, desarrolla su labor ciudadana. Funda en 1931 el vespertino Tribuna Libre.",,183
"GAGLIARDI, HÉCTOR",plazoleta,"Ordenanza N° 52.134-1997, BO N° 396. Héctor Francisco Gagliardi (1909-1984), poeta popular que canta con claridad y sentimiento a la ciudad de Buenos Aires; sus versos son, aún hoy, un documento que describe una época. Debuta en 1941 en Radio Belgrano con Azucena Maizani, Tito Tori y Antonio Volpe; recita infinidades de poemas, como Barrio Sur, El Viejo Almacén, Las comadres, El triste.",,188
"GÁLVEZ, JUAN",cantero central,"Ordenanza N° 52.158-1997, BO N° 392. Juan Gálvez (1916-1963), automovilista; con su hermano Oscar dominan por más de una década el automovilismo argentino; entre 1950 y 1960 obtuvo 59 triunfos y cinco grandes premios; es considerado el primer estratega “científico” del volante en la Argentina.",,189
"GARCÍA, JUAN AGUSTÍN",plaza,"Denominación impuesta por el Banco Hipotecario Nacional, donante de esta plaza. Juan Agustín García (1831-1907), jurisconsulto, padre del autor de La Ciudad Indiana; director del Banco Nacional en 1885 y poco después primer director del Banco Hipotecario Nacional.",,192
"GARZA, LA",calle,Ordenanza N° 1.424 del 30-12-1925. Garza: nombre de varias aves ciconiformes de la familia de las Ardeidas que habitan en esteros y bañados.,,194
"GIACHINO, CAPITÁN DE FRAGATA PEDRO EDGARDO",calle,"Ordenanza N° 47.451-1993, BM N° 19.870. Pedro Edgardo Giachino (1947-1982), militar; primer soldado muerto en acción, durante la recuperación de las Islas Malvinas el 2 de abril de 1982.",,196
"GIL, FRANCISCO",cantero central,"Ley Nº 2.397-2007, BO Nº 2.765. Francisco Gil (1915-1997), librero de origen español. Desarrolla una intensa actividad en la librería El Ateneo y en la Sociedad Argentina de Escritores; promueve en el barrio de Nueva Pompeya peñas culturales, muestras artísticas y encuentros de historiadores. En el año 1997 la Secretaría de la Nación lo declara Librero Mayor de Buenos Aires.",,196
"GIRONDO, OLIVERIO",cantero central,"Ordenanza N° 45.022-1991, BM N° 19.097, modificada por Ordenanza N° 50.154-1995, BM N° 20.210. Oliverio Girondo (1891-1967), poeta; autor de Veinte poemas para ser leídos en el tranvía, Calcomanías, Espantapájaros (al alcance de todos), Interludio y En la masmédula.",,197
"GÓMEZ CARRILLO, MANUEL",plazoleta,"Ordenanza N° 39.257-1983, BM N° 17.083. Manuel Gómez Carrillo (1883-1968), musicólogo; compositor y folclorista autor de Rapsodia santiagueña, La telesita y Fiesta criolla.",,199
"GRANDE, DORA DEL",cantero central,"Ordenanza N° 45.305-1991, BM N° 19.182. Agustina Dora del Grande (1909-1966), primera bailarina del Teatro Colón; docente y coreógrafa.",,204
"GUACURARI ARTIGAS, COMANDANTE ANDRÉS",plazoleta,"Ordenanza N° 43.381-1988, BM N° 18.508. Andrés Guacurari Artigas (¿-?), militar, aborigen guaraní; adoptado por José Gervasio Artigas por lo que se lo conoce como Andresito Artigas; acompaña a Artigas en su campaña y defiende ante los portugueses la región de las Misiones, siendo tomado prisionero en 1819.",,205
GUARDAVIDAS ARGENTINOS,paseo,"Ley Nº 836-2002, BO Nº 1.510. Guardavidas Argentinos: homenaje a quienes ejercen esta profesión de rescate y primeros auxilios. Este paseo se encuentra en el mismo lugar donde funcionaban las dependencias de los guardavidas del Balneario Municipal de la Costanera.",,206
"GÜEMES TORINO, CADETE JORGE",calle,"Decreto del 9-1-1931, BM N° 2.424. Jorge Güemes Torino (?-1930), militar; cursa el tercer año en el Colegio Militar y participa en la revolución del 6 de septiembre de 1930, donde muere en un enfrentamiento en la zona de Congreso.",,207
"GUERRERO, MARÍA",calle-paseo,"Ordenanza N° 25.825-1971, BM N° 14.099 y Ordenanza N° 25.951-1971, BM N° 14.129. María Guerrero (1867-1928), actriz española; actúa por primera vez en Buenos Aires en el teatro Odeón en 1897 interpretando La niña boba, de Lope de Vega; visita posteriormente nuestro país en varias oportunidades destacándose en sus actuaciones en Doña María la brava, Malvaloca y La malquerida.",,207
"GUERRICO, INTENDENTE",calle,"Decreto N° 3.201-1956, BM N° 10.328. José Guerrico (1863-1933), comerciante y funcionario; intendente municipal de Buenos Aires del 8 de septiembre de 1930 al 20 de febrero de 1932.",,208
"GUILLÉN, NICOLÁS",cantero central,"Ley N° 644-2001, BO N° 1.303. Nicolás Guillén (1902-1989), poeta y periodista cubano; uno de los más importantes representantes de la literatura afrocubana; su obra se destaca por el contenido político y social; autor de Motivos del son, Songoro Cosongo y La paloma de vuelo popular.",,209
"HARRIS, PAUL PERCY",plazoleta,"Ordenanza N° 44.044-1989, BM N° 18.709. Paul Percy Harris (1868-1947), filántropo; fundador del Rotary Club Internacional.",,214
HIDROAVIÓN BUENOS AIRES,cantero central,"Ordenanza N° 33.136-1976, BM N° 15.383. Hidroavión Buenos Aires: hidroavión tripulado por Bernardo Duggan, Eduardo Olivero y Ernesto Campanelli, que une por primera vez Nueva York con Buenos Aires el 13 de agosto de 1926.",,217
"HIRSCH, BARÓN MAURICIO DE",plazoleta,"Ordenanza N° 44.099-1989, BM N° 18.709. Mauricio de Hirsch (1831-1896), filántropo alemán; fundador de diversas instituciones de beneficencia; contribuye en 1891 a la fundación de la Jowish Colonization Association, la que fomenta el establecimiento de colonias judías en la Argentina.",,217
"HISTORIA OFICIAL, LA",cantero central,"Ley N° 647-2001, BO N° 1.303. La historia oficial: película dirigida por Luis Puenzo y protagonizada por Héctor Alterio y Norma Aleandro; obtiene en 1985 el Premio Oscar a la mejor película extranjera.",,217
"HISTORIETA, PASEO DE LA",canteros centrales,"Ley Nº 431-2000, BO Nº 1.002. Historieta: homenaje a los creadores y dibujantes del humor gráfico argentino.",,217
"HOLOCAUSTO-SHOÁ, HOMENAJE A LAS VÍCTIMAS DEL",plaza,"Ley Nº 2.728-2008, BO Nº 2962. Holocausto-Shoá: homenaje a las víctimas judías del atroz genocidio llevado a cabo por el nazismo durante la Segunda Guerra Mundial. Shoah o shoá (literalmente catástrofe) es la palabra hebrea utilizada para referirse al Holocausto.",,218
HURACÁN,cantero central,"Ordenanza N° 44.901-1991, BM N° 19.068. Huracán: nombre del globo aerostático con el cual Jorge Newbery bate el récord sudamericano de duración y distancia, al unir Belgrano con la localidad brasileña de Bagé en Rio Grande do Sul (Brasil) el 27 de diciembre de 1909.",,221
INGLATERRA,calle,"Ordenanza N° 2.410 del 21-12-1927, BM Nº 1.319. Inglaterra: país situado en la isla de Gran Bretaña y con cuyo nombre se identifica popularmente a todo el Reino Unido. Capital: Londres.",,225
"INVENCIBLE DE FORLI, EL",cantero central,"Ordenanza N° 44.901-1991, BM N° 19.068. El invencible de Forli: nombre del globo aerostático con el que el capitán José Silimbani y su esposa Antonieta Cimolini (procedentes ambos de la ciudad italiana de Forli) realizaban ascensiones circenses, ya que en el lugar de la barquilla poseía un trapecio. El 13 de marzo de 1904, ella pierde la vida al ser el globo arrastrado hacia el río por el viento.",,226
"JARA, VÍCTOR",cantero central,"Ley N° 644-2001, BO N° 1.303. Víctor Jara (1938-1973), cantautor y director teatral chileno; uno de los principales exponentes del canto popular de Chile; detenido y asesinado en el Estadio Nacional de Santiago de Chile pocos días después del golpe de Estado del 11 de septiembre de 1973; autor de Paloma quiero cantarte, Plegaria a un labrador, Te recuerdo Amanda, entre otras composiciones.",,231
JUAN XXIII,plazoleta,"Ordenanza N° 31.557-1975, BM N° 15.101. Ángelo Giuseppe Roncalli, Juan XXIII (1881-1963), sacerdote; Papa de la Iglesia Católica de 1958 a 1963; da a luz las encíclicas Mater et Magistra, Aeterna Dei Sapientia y Pacem in terris.",,233
"KIOSCO DE LA FLORESTA, DEL",plazoleta,"Ley Nº 1.115-2003, BO Nº 1.818. Del Kiosco de la Floresta: recreo o pulpería, hito fundacional del futuro barrio, adonde llega el primer servicio ferroviario del país el 29 de agosto de 1857.",,236
"KRAUSE, INGENIERO JULIO",calle,"Ordenanza N° 16.388-1960, BM N° 11.425. Julio Krause (1858-1923), ingeniero; jefe de la Sección Hidrología y Perforaciones de la División Minas, Geología e Hidrología del Ministerio de Agricultura de la Nación, coordina en 1907 los trabajos que permiten el descubrimiento de petróleo en Comodoro Rivadavia.",,236
"KRAUSE, INGENIERO OTTO",plazoleta,"Ordenanza N° 43.117-1988, BM N° 18.431. Otto Krause (1856-1920), ingeniero civil; profesor; director de la Escuela Industrial de la Nación que hoy lleva su nombre; decano de la Facultad de Ciencias Exactas, Físicas y Naturales en 1906.",,236
"KUWAIT, ESTADO DE",cantero central,"Ley Nº 2.048-2006, BO Nº 2.514. Kuwait: país del Golfo pérsico. Capital: Al Kuwait.",,237
"LAGOS, ALBERTO",plazoleta,"Ordenanza N° 44.107-1989, BM N° 18.707. Alberto Lagos (1885-1960), escultor y profesor; autor de varias obras, entre ellas Al Inmigrante y Guillermo Udaondo.",,240
"LALLEMANT, INGENIERO GERMÁN AVE",cantero central,"Ordenanza N° 50.116-1995, BM N° 20.284. Germán Ave Lallemant (1835-1910), geólogo de origen alemán; radicado en la Argentina; se establece en San Luis; rector del Colegio Nacional de San Luis; autor de Memoria descriptiva de la provincia de San Luis e Índice alfabético de la flora puntana; funda el primer periódico marxista que aparece en la Argentina, El Obrero, en 1890.",,241
"LAMBERTUCCI, PACÍFICO VÍCTOR",cantero central,"Ley Nº 2.049-2006, BO Nº 2.514. Pacífico Víctor Lambertucci (1891-1976), músico, pianista, compositor y director; integra distintos conjuntos musicales; compositor de El espectro, Alma Criolla y Amarrete. Su gran éxito llega con Carne de cabaret, con letra de Luís Roldán, tango que es grabado por Carlos Gardel.",,241
"LANGER, MARIE",calle,"Ley Nº 1.438-2004, BO Nº 2.037. Marie Lisbeth Glas Hausser de Langer (1910-1987), médica psicoanalista austriaca; es una de las fundadoras de la Asociación Psicoanalítica Argentina en 1942 y de la Asociación Argentina de Psicología y Psicoterapia de Grupo en 1957, a las que preside en reiteradas ocasiones; preside también la Federación Argentina de Psiquiatras; es profesora de la Cátedra de Psicología Médica de la Facultad de Medicina; autora de Maternidad y Sexo, Fantasías eternas a la luz del psicoanálisis, Memoria, historia y diálogo psicoanalítico y Aspectos teóricos y clínicos.",,242
"LARGUÍA, CADETE CARLOS",calle,"Decreto del 9-1-1931, BM N° 2.424. Carlos Larguía (1910-1930), militar; cursaba el tercer año en el Colegio Militar cuando muere en un enfrentamiento en la zona de Congreso durante la revolución del 6 de septiembre de 1930.",,244
"LA ROZA, DOCTOR JOSÉ IGNACIO DE",calle,"La Rosa por Ordenanza del 28-10-1904. Doctor José Ignacio de La Rosa por Ordenanza Nº 44.725-1990, BM N° 18.960. Por Decreto Nº 1.821-1991, BM N° 19.048, su nombre actual. José Ignacio de La Roza (1788-1834), jurisconsulto; teniente de gobernador de San Juan de 1815 a 1820, colabora con San Martín en la formación del Ejército de los Andes.",,244
"LASALA, TENIENTE DE NAVÍO CÁNDIDO DE",calle; plazoleta,"Ordenanza N° 27.679-1973, BM N° 14.543. Cándido Francisco José de Lasala (1770-1807), marino; combate durante las Invasiones Inglesas y fallece el 5 de julio de 1807 en la Defensa de Buenos Aires. Es éste un nombre tradicional de la ciudad, pues entre 1808 y 1822 se denominaron “Lasala” las actuales Chacabuco y Maipú.",,245
LATINOAMÉRICA,plazoleta,"Ordenanza N° 38.130-1982, BM N° 16.868. Latinoamérica: homenaje a las naciones de América cuya colonización fue realizada por países latinos, especialmente España y Portugal.",,246
"LAVAYSSE, BENJAMÍN J.",calle,"Decreto N° 3.781-1944, BM N° 7.241. Benjamín J. Lavaysse (¿1823?-1854), sacerdote; diputado por Santiago del Estero en el Congreso General Constituyente de 1853.",,248
"LAZO, EL",calle,"Ordenanza N° 6.485-1949, BM N° 8.603. Lazo: uno de los elementos más indispensables del recado del gaucho, cuya utilidad es fundamental en el manejo de las haciendas.",,248
"LEALTAD, DE LA",cantero central,"Ordenanza N° 50.228-1995, BM N° 20.214. De la Lealtad: homenaje al 17 de octubre de 1945, cuando se escribe una importante página de la participación política y del ascenso social de los sectores populares argentinos; ese día una concentración popular consigue la liberación del coronel Juan Domingo Perón y con la palabra “lealtad” se alude a la fidelidad popular del pueblo hacia quien luego sería presidente de la República.",,248
"LEVILLIER, DOCTOR ROBERTO",calle,"Ordenanza N° 36.126-1980, BM N° 16.384. Roberto Levillier (1886-1969), historiador y diplomático; autor de Historia Argentina, Nueva crónica de la conquista del Tucumán y Don Francisco de Toledo, supremo organizador del Perú; embajador en México de 1935 a 1937 y en el Uruguay de 1938 a 1941.",,251
"LIBERTI, ANTONIO VESPUCIO",calle,"Ordenanza N° 45.017-1991, BM N° 19.097. Antonio Vespucio Liberti (?-1976), dirigente deportivo; presidente del Club River Plate de 1933 a 1939, 1943 a 1952 y 1960 a 1967; durante su mandato se inaugura en 1938 el estadio que hoy lleva su nombre.",,252
"LLANES, RICARDO",cantero central,"Ley Nº 1.434-2004, BO Nº 2.040. Ricardo Llanes (1897-1980) seudónimo de Martín Llanes; escritor, periodista e historiador de la ciudad de Buenos Aires; autor de Recuerdos de Buenos Aires, El barrio de Flores, El barrio de Almagro, El barrio de San Cristóbal, El barrio de Parque de los Patricios, Teatros de Buenos Aires y Dos notas porteñas, Avenida de Mayo e Historia de la calle Florida.",,254
"LONARDI, TENIENTE GENERAL EDUARDO",plaza,"Ordenanza N° 36.485- 1981, BM N° 16.484. Eduardo Lonardi (1896-1956), militar; dirige la revolución del 16 de septiembre de 1955 en Córdoba; presidente provisional de la República en ese año.",,255
"LÓPEZ TORRES, FRANCISCO",plazoleta,"Ordenanza N° 27.606-1973, BM N° 14.525. Francisco López Torres (1839-1871), periodista, escritor y político; autor de La Huérfana de Pago Largo, La Virgen de Lourdes y Dayla; combate en la guerra contra el Paraguay, ministro de Gobierno de la provincia de Mendoza de 1867 a 1870; fundador y director de La Discusión de Buenos Aires; víctima de la epidemia de fiebre amarilla.",,257
LUCHTER,calle,"Plano Bemporat de la Capital Federal. Edición 1931-1932. Rodolfo Luchter (¿-?), vecino que dona los terrenos por donde se traza esta calle.",,259
LUJÁN,calle,"Ordenanza N° 10.412-1939, BM N° 5.585-6. Pedro Luján (?-1536), conquistador español; sobrino de don Pedro de Mendoza, participa en 1536 en la primera fundación de Buenos Aires; muere en el combate de Corpus Christi el 15 de junio del mismo año. Cabe señalar que si bien la Versión Taquigráfica de la sesión del Concejo Deliberante N° 73 del 4 de agosto de 1939, en que se sanciona esta ordenanza, menciona a Luján con el nombre de Diego, se trata de un error por cuanto el único individuo de este apellido que viajó con Mendoza fue Pedro (véase Enrique Udaondo, Diccionario Biográfico Colonial Argentino, Buenos Aires, Huarpes, 1945).",,260
"MADERNA, OSMAR",cantero central,"Ordenanza N° 45.591-1991, BM N° 19.205. Osmar Héctor Maderna (1918-1951), pianista y director; compositor de Concierto de la Luna, Rapsodia de tango y Lluvia de estrellas.",,265
"MADRES, DE LAS",plazoleta,"Ordenanza N° 29.953-1974, BM N° 15.052. Madres: homenaje a las madres argentinas.",,266
"MAFFIA, PEDRO",cantero central,"Ordenanza N° 45.591-1991, BM N° 19.205. Pedro Mario Maffia (1900-1967), bandoneonísta; titular de la Cátedra de bandoneón del Conservatorio Municipal Manuel de Falla; compositor de La mariposa, Amurado y Sentencia.",,266
"MANSILLA, EDUARDA",cantero central,"Ley N° 644-2001, BO N° 1.303. Eduarda Mansilla de García (1838-1892), escritora y periodista; el nombre de su primer hijo, Daniel, le sirve para firmar su primera novela El médico de San Luis que aparece en 1860, y con igual firma publica Lucía Miranda, inspirada en un episodio de la conquista del Río de la Plata; con el seudónimo de Alvar publica gran número de crónicas entre 1871 y 1872 en El Plata Ilustrado de Buenos Aires; en 1881 se estrena su obra La marquesa de Altamira.",,269
"MANSILLA, LUCIO V.",cantero central,"Ley N° 644-2001, BO N° 1.303. Lucio Victorio Mansilla (1831-1913), militar, periodista, político y escritor; autor de Una excursión a los indios ranqueles, Entre Nos y Canseries de los jueves.",,270
"MARTÍNEZ, BRIGADIER GENERAL DON ENRIQUE",plazoleta,"Ordenanza N° 45.024-1991, BM N° 19.097. Enrique Martínez (1789-1870), general uruguayo; combate durante las Invasiones Inglesas, en Guardia Vieja, Chacabuco, Curapaligüe, Gavilán, Talcahuano, Maipú y en la expedición al Perú; ministro de Guerra del gobernador Balcarce en 1833.",,272
"MARTÍNEZ, REGÍS",cantero central,"Ordenanza N° 44.722-1990, BM N° 18.973. Regís Martínez (1809-1862), político; representante por la provincia de La Rioja al Congreso General Constituyente en 1853; senador de 1854 a 1857.",,273
"MARTÍNEZ ESTRADA, EZEQUIEL",cantero central,"Ley N° 644-2001, BO N° 1.303. Ezequiel Martínez Estrada (1895-1964), poeta, narrador, dramaturgo y ensayista; primer premio Municipal de Poesía en 1927; autor de Radiografía de la Pampa, La cabeza de Goliat y Microscopía de Buenos Aires.",,273
"MARTÍNEZ ZUVIRÍA, DOCTOR GUSTAVO",calle,"Ordenanza N° 26.794- 1972, BM N° 14.329. Gustavo Martínez Zuviría (1883-1962), jurisconsulto y escritor con el seudónimo de Hugo Wast; autor de Alegre, Flor de durazno, Valle negro, Desierto de piedra, Lucía Miranda, Fuente sellada y La casa de los cuervos; interventor nacional en Catamarca en 1941; ministro de Justicia e Instrucción Pública de la Nación de 1943 a 1944; director de la Biblioteca Nacional.",,273
"MASUELLI, ÍTALO",plazoleta,"Ordenanza N° 52.134-1997, BO N° 396. Ítalo Masuelli (?-1984) dirigente sindical de Gas del Estado y posteriormente del Sindicato de Perfumistas y Afines; funda la Sociedad de Fomento del Barrio General San Martín, a través de la cual promueve actividades socioculturales reconocidas por el vecindario.",,274
"MATHIS, LEONIE",cantero central,"Ley N° 644-2001, BO N° 1.303. Leonie Mathis (1883-1952), artista plástica de origen francés; se destaca por su vasta obra de reconstrucción histórica, que permite recuperar escenas de la vida política y cultural de nuestro pasado; en el Museo Histórico de Buenos Aires Cornelio de Saavedra una sala permanente exhibe sus obras.",,275
"MATOS RODRÍGUEZ, GERARDO",cantero central,"Ordenanza N° 45.591- 1991, BM N° 19.205. Gerardo Hernán Matos Rodríguez (1900-1948), músico uruguayo; pianista; compositor de La Cumparsita y Che papusa, oí.",,276
"MÉDICOS, DE LOS",paseo,"Ley Nº 1.404-2004, BO Nº 2.023. Médicos: homenaje a las figuras del quehacer médico asistencial que sobresalen por su relevante trayectoria en el campo de la medicina y sus valiosos conocimientos en el campo de las ciencias.",,277
"MILLÁN, CAPITÁN DOMINGO ALEJO",plazoleta,"Ordenanza N° 38.198- 1982, BM N° 16.883. Domingo Alejo Millán (1797-1824), militar; combate en Salta, Vilcapugio, Ayohuma, Puesto del Marqués y Venta y Media, donde cae prisionero; asiste a la toma de Lima y participa en la campaña de Puertos Intermedios; vuelto a caer prisionero tras la sublevación del Callao en 1824, junto con Prudán, declaran haber sido ellos quienes encubren la fuga de Estomba y Luna, por lo que son fusilados.",,281
"MOGAS, MADRE MARÍA ANA",sector parque,"Ordenanza N° 51.007-1996, BO N° 98. María Ana Mogas Fonticuberta (1827-1886), religiosa española; fundadora de la congregación de las Religiosas Franciscanas Misioneras; desarrolla una acción comunitaria relevante en el campo de la enseñanza y de la salud, comprometida con su fe y caridad cristiana.",,284
"MOLFETTESES, DE LOS",plazoleta,"Ley Nº 768-2002, BO Nº 1.460. Molfetteses: homenaje a los inmigrantes italianos originarios de Molfetta, provincia de Bari, en Apulia, distrito de Barletta. MOLIÈRE (calle). Ordenanza del 27-11-1893. Molière: seudónimo de Juan Bautista Poquelín (1622-1673), dramaturgo francés; autor de El enfermo imaginario, El misántropo, El avaro y El burgués gentilhombre.",,284
"MOLINA CAMPOS, FLORENCIO",paseo peatonal,"Ordenanza N° 51.042- 1996, BO N° 113. Florencio Molina Campos (1891-1959), artista plástico; refleja en sus obras temas del campo argentino y de la vida de gauchos y paisanos; cultiva el terreno de la pintura, el dibujo, la ilustración y la caricatura; en 1941 es contratado por Walt Disney como supervisor de películas de dibujo animado; como caricaturista llega a su consagración popular con los famosos almanaques de Alpargatas, que aparecieron desde 1931 hasta 1934 y de 1940 a 1945.",,285
"MOLINAS, DOCTOR LUCIANO FLORENCIO",paseo,"Ordenanza N° 42.389- 1987, BM N° 18.182. Luciano Florencio Molinas (1888-1973), jurisconsulto; gobernador por Santa Fe desde 1932 hasta 1936; sucesor de Lisandro de la Torre en el partido Demócrata Progresista.",,285
MONTE ARARAT,plazoleta,"Ordenanza N° 38.079-1983, BM N° 17.057. Monte Ararat: región y monte de Armenia donde, según el relato bíblico, se detiene el Arca de Noé después del diluvio universal, conformando la cuna de la nueva humanidad.",,287
"MURA, FRANCISCO",cantero central,"Ordenanza N° 52.158-1997, BO N° 392. Francisco Mura (1901-1972), atleta y preparador físico de origen italiano; figura destacada del atletismo; obtiene la medalla de oro en los Juegos Olímpicos de Londres en 1948; fue preparador físico del club San Lorenzo.",,292
"MUZZILI, CAROLINA",calle,"Ordenanza N° 5.505-1933, BM Nº 3.546. Carolina Muzzili (1889-1917), escritora, periodista y política socialista; inspectora del Departamento Nacional del Trabajo; preocupada por el trabajo de la mujer obtiene un premio por una monografía sobre el tema en la Exposición de Gante y otro en la Internacional de San Francisco en 1915.",,293
NAVARRA,plazoleta,"Ordenanza N° 44.719-1990, BM N° 18.960. Navarra: región del Norte de España; capital: Pamplona.",,299
"NEGLIA, JOSÉ",cantero central,"Ordenanza N° 45.305-1991, BM N° 19.182. José Neglia (1929-1971), primer bailarín del Teatro Colón; muere trágicamente el 10 de octubre de 1971, al caer el avión en el que viajaba en la costa del Río de la Plata.",,300
"NEREIDAS, DE LAS",plazoleta,"Ordenanza N° 51.653-1997, BO N° 252. Fuente de las Nereidas: obra realizada por la escultora argentina Lola Mora (1866-1936); en 1903 se inaugura oficialmente en el Paseo de Julio; en 1918 la fuente fue trasladada a su emplazamiento actual, en el Balneario Sur; declarado Sitio de Interés Cultural por Ordenanza N° 49.292-1995, Decreto N° 658.",,300
"NERUDA, PABLO",cantero central,"Ley N° 644-2001, BO N° 1.303. Pablo Neruda seudónimo de Neftalí Reyes (1904-1973), poeta chileno; Premio Nobel de Literatura en 1971; autor de Veinte poemas de amor y una canción desesperada; Canto general, Fin del mundo y del libro de memorias Confieso que he vivido.",,301
"NIEVES, NUESTRA SEÑORA DE LAS",plaza,"Ordenanza N° 37.049-1981, BM N° 16.624. Nuestra Señora de las Nieves: advocación de la Virgen María considerada patrona de la Ciudad de Buenos Aires desde 1611.",,301
"NOBEL, DOCTOR ALFREDO",plaza,"Ordenanza N° 27.156-1972, BM N° 14.431. Alfredo Nobel (1833-1896), ingeniero químico e industrial sueco; descubridor de la dinamita; al morir establece con su fortuna los premios que llevan su nombre.",,302
"OCAMPO, DOCTOR GABRIEL",espacio público,"Ley 413-2000, BO Nº 994. Gabriel Ocampo (1798-1882), jurisconsulto; ministro de Gobierno de La Rioja en 1820; diputado por Colchagua y secretario del Congreso Constituyente de Chile que sanciona la Constitución de 1823; redactor del Código de Comercio de Chile en 1865.",,306
"ODDONE, JACINTO",plazoleta,"Ordenanza N° 45.610-1991, BM N° 19.228. Jacinto Oddone (1881-1968), político; funda en 1903 la Sociedad de Obreros Torneros en Madera; miembro del Partido Socialista; es diputado provincial en Buenos Aires; Intendente Municipal del partido Avellaneda en 1920; diputado nacional en 1922, 1932 y 1942; autor de Las comunidades religiosas en la República Argentina, Historia del socialismo argentino, Gremialismo proletario argentino y La lucha de clases.",,307
"OLASCOAGA, CORONEL MANUEL JOSÉ",calle,"Ordenanza N° 35.154- 1979, BM N° 16.096. Manuel José Olascoaga (1835-1911), militar y geógrafo; combate en Pavón; confecciona la memoria y plan de defensa contra los indios de 1862; secretario de Roca durante su actuación como ministro de Guerra, organiza y ejecuta junto con éste la campaña al Río Negro; autor de Estudio Topográfico de La Pampa y Río Negro; gobernador de Neuquén de 1885 a 1891; funda Chos Malal.",,308
"ONELLI, CLEMENTE",cantero central,"Ordenanza N° 43.384-1988, BM N° 18.518. Clemente Onelli (1864-1924), naturalista italiano; antropólogo y zoólogo; director del Jardín Zoológico de Buenos Aires de 1904 a 1924.",,311
"ONZARI, CESÁRIO",cantero central,"Ley N° 838-2002, BO N° 1.510. Cesário Onzari (1903-1964), futbolista del club Huracán; autor del primer gol directo desde un tiro de esquina ocurrido el 1° de octubre de 1924, jugando para el seleccionado argentino, en la cancha del Club Sportivo Barracas, contra el seleccionado de Uruguay. El gol recibió el nombre de olímpico ya que la selección uruguaya había obtenido ese año el campeonato en los Juegos Olímpicos de Francia.",,311
ORGANIZACIÓN ESTADOS AMERICANOS,plazoleta,"Ordenanza N° 49.650- 1995, BM N° 20.156. Organización Estados Americanos (OEA): homenaje a este organismo creado con la carta de Bogotá firmada en 1948 por todas las naciones de América, con la finalidad de garantizar la seguridad del Continente contra cualquier agresión, y fomentar su desarrollo cultural y económico.",,311
"ORIBE, BRIGADIER GENERAL DON MANUEL",plazoleta,"Ordenanza N° 46.175-1992, BM N° 19.763. Manuel Ceferino Oribe y Viana (1792-1857), militar uruguayo; organiza y toma parte en la expedición de los 33 Orientales en 1825; combate en Ituzaingó y Camacuá en 1828; presidente de la República Oriental del Uruguay de 1835 a 1838; triunfa en Quebracho Herrado, Famaillá y Arroyo Grande.",,312
"ORTEGA PEÑA, RODOLFO",cantero central,"Ordenanza N° 47.771-1994, BM N° 19.850. Rodolfo Ortega Peña (1936-1974), abogado, político, periodista, historiador y profesor universitario; diputado nacional (1973), defensor de detenidos políticos durante el gobierno de Lanusse; fue asesinado por la Triple A el 31 de julio de 1974.",,313
PALERMO VIEJO,plaza,"Ordenanza N° 52.159-1997, BO Nº 422. Palermo Viejo: nombre con que se conoce actualmente al sector del barrio de Palermo limitado por la avenida Córdoba, Godoy Cruz, Charcas y Julián Álvarez; característico por sus actividades comerciales y culturales.",,319
"PARAGUAY, REPÚBLICA DE",plazoleta,"Ordenanza N° 27.737-1973, BM N° 14.555. Paraguay: país sudamericano. Capital: Asunción.",,320
"PASSAPONTI, DARWIN",cantero central,"Ordenanza N° 45.598-1991, BM N° 19.222. Darwin Passaponti (1928-1945), militante peronista; muerto trágicamente a los 17 años durante los sucesos ocurridos el 17 de octubre de 1945.",,323
"PATAGONIA REBELDE, LA",cantero central,"Ley N° 647-2001, BO Nº 1.303. La Patagonia Rebelde: película dirigida por Héctor Olivera en 1974, basada en el libro de Osvaldo Bayer sobre las huelgas y posteriores fusilamientos en la Patagonia.",,323
PATORUZÚ,cantero central,"Ley N° 431-2000, BO N° 1.002. Patoruzú: protagonista de la historieta creada por Dante Raúl Quinterno, que aparece por primera vez en el diario Crítica en 1928 y que en 1936 comienza a publicarse como revista.",,324
"PELUFFO, ÁNGEL",calle,"Ordenanza N° 5.482-1933, BM N° 3.547. Ángel Peluffo (1842-1922), horticultor uruguayo; establece en nuestro país una de la primeras casas de plantas y semillas; miembro fundador del Banco Popular Argentino. PENA, JOSÉ LUIS (sendero), Ordenanza Nº 51.579-1997, BO Nº 219. José Luis Pena (1892-1978), periodista, economista y astrónomo; diputado nacional por el Partido Socialista de 1924 a 1928 y de 1932 a 1936; concejal de la ciudad de 1938 a 1941 y de 1958 a 1962, propulsa la creación del Planetario de la Ciudad de Buenos Aires que se inaugura el 13 de junio de 1967.",,327
"PENELÓN, JOSÉ",pasaje peatonal,"Ordenanza N° 52.134-1997, BO Nº 396. José Fernando Penelón (1891-1954), obrero gráfico; funda y dirige los periódicos La Internacional y La Correspondencia Sudamericana; principal protagonista de la creación del Partido Socialista Internacional (1918), luego Partido Comunista; funda el Partido Concentración Obrera; concejal de la ciudad de Buenos Aires de 1921 a 1924, 1927 a 1930, 1932 a 1935 y de 1938 a 1941.",,327
"PÉREZ, JOSÉ JULIÁN",calle,"Pérez por Ordenanza del 27-11-1893 y por Ordenanza N° 26.422-1972, BM N° 14.237, su nombre actual. José Julián Pérez (1770-1840), jurisconsulto; representante de Tarija ante la Junta de Buenos Aires en 1810; secretario de Gobierno y Relaciones Exteriores del Primer Triunvirato y miembro del segundo.",,329
"PETTORUTI, EMILIO",calle,"Ordenanza N° 49.137-1995, BM N° 20.091. Emilio Pettoruti (1892-1971) artista plástico; entre sus obras se destacan los óleos Gruta Azul, El quinteto, La del abanico verde y Copa verde-gris.",,331
"PIAZZOLA, ASTOR",paseo,"Ley Nº 2.204-2006, BO Nº 2.613. Astor Piazzolla (1921-1992), bandoneonista, compositor y director; es el artífice de la renovación vanguardista del tango, al que enriqueció con elementos clásicos y del jazz. Autor de Adiós nonino, Balada para un loco, Chiquilín de Bachín; la serie de las Estaciones (Verano Porteño, Otoño Porteño, Invierno Porteño y Primavera Porteña); la Serie del Ángel (Introducción al ángel, Milonga del ángel, Muerte del ángel y Resurrección del ángel); Revirado, Fracanapa, Calambre, Buenos Aires Hora Cero, Decarísimo, Michelangelo ´70, Fugata, Libertango y Suite Troilana, entre otros.",,331
"PIGÜÉ, CIUDAD DE",cantero central,"Ordenanza N° 15.803-1959, BM N° 11.300. Pigüé: ciudad cabecera del partido de Saavedra, provincia de Buenos Aires; se otorga este nombre como homenaje a esta ciudad al cumplir su 75º aniversario.",,333
"PILSUDSKI, MARISCAL JOSÉ",plazoleta,"Ordenanza N° 24.039-1968, BM N° 13.442. José Pilsudski (1867-1935), militar y estadista polaco; presidente de Polonia de 1919 a 1922; ministro de guerra desde 1928, se encarga de la presidencia en 1930; contribuye a la proclamación de la nueva constitución firmada por su sucesor el presidente Moscicki.",,333
"PIPET, MATÍAS",cantero central,"Ley Nº 182-1999. BO Nº 708. Matías Pipet (1828-1886), grabador de origen francés; crea el primer sello postal adhesivo en nuestro país, cuya primera circulación tuvo lugar el 21 de agosto de 1856 en la provincia de Corrientes.",,334
"PIZARNIK, ALEJANDRA",plazoleta,"Ordenanza N° 45.018-1991, BM N° 19.097. Alejandra Pizarnik (1936-1972), poetisa y escritora; autora de La tierra más ajena, Alta mar, Los trabajos y las noches y Árbol de Diana.",,335
POLICÍA FEDERAL ARGENTINA,plazoleta,"Ordenanza N° 40.847-1985, BM N° 17.664. Policía Federal Argentina: homenaje al cuerpo de policía creado por decreto del 24-12-1943.",,337
"PONCE DE BIANCO, MARÍA",espacio verde,"Ley Nº 1.128-2003, BO Nº 1.818. María Eugenia Ponce de Bianco (1924-1977), es la madre de Alicia Hilda, secuestrada en su casa el 30 de abril de 1976. Por tal motivo se contacta con otras madres que se encontraban en la misma situación y con quien forma el grupo fundacional de las Madres de Plaza de Mayo. Es secuestrada el 8 de diciembre de 1977 en la Iglesia de la Santa Cruz. Sus restos fueron finalmente identificados por el Equipo Argentino de Antropología Forense (EAAF), encontrados en el cementerio de General Lavalle, cuando se exhumaron siete cuerpos enterrados como NN después de haber sido encontrados en las costas de San Bernardo y Santa Teresita entre diciembre de 1977 y enero de 1978. A través de análisis de ADN pudo confirmarse que tres de esos cadáveres eran los de Esther Ballestrino de Careaga, María Ponce de Bianco y Azucena Villaflor de De Vincenti.",,338
"PRACÁNICO, FRANCISCO",cantero central,"Ordenanza N° 45.5911991, BM N° 19.205. Francisco Pracánico (1898-1971), pianista; compositor de Enfundá la mandolina, Corrientes y Esmeralda y Si se salva el pibe.",,340
"PREBISCH, ARQUITECTO ALBERTO",plaza,"Ley Nº 843-2002, BO Nº 1.509. Alberto Horacio Prebisch (1898-1970), arquitecto; encabeza el movimiento de renovación de la arquitectura y el urbanismo en nuestro país; entre sus obras se destacan el Obelisco y los cines Gran Rex y Atlas de Buenos Aires; académico y presidente de la Academia Nacional de Bellas Artes; ocupa el cargo de intendente municipal de la ciudad de Buenos Aires entre 1962 y 1963; decano de la Facultad de Arquitectura y Urbanismo de la Universidad de Buenos Aires en el período de 1968 a 1970.",,340
PRISIONEROS DE LA TIERRA,cantero central,"Ley Nº 647-2001, BO Nº 1.303. Prisioneros de la Tierra: película dirigida por Mario Soffici en 1939, protagonizada por Ángel Magaña y Francisco Petrone.",,341
PUERTO ARGENTINO,paseo/espigón,"Ordenanza Nº 51.887-1997, BO N° 302. Puerto Argentino: nombre que recibe el 21 de abril de 1982, la ciudad de Puerto Stanley, la más importante de las Islas Malvinas, y con el que aún se la conoce en la Argentina.",,343
"RABIN, ITZHAK",plazoleta,"Ley N° 1.965-2006, BO Nº 2.455. Ytzhak Rabin (1922-1995), militar israelí; combate en la primera guerra árabeisraelí; primer ministro de Israel en dos oportunidades; entabla las negociaciones que conducen a los acuerdos de Oslo firmados en Washington el 13 de septiembre de 1993, al cabo de las cuales, Arafat regresa a Gaza como titular de un gobierno autónomo con autoridad inicialmente sobre la Franja de Gaza y Jericó. Firma también el Tratado de Paz alcanzado con el rey Hussein de Jordania, el 26 de octubre de 1994. Sus esfuerzos fueron reconocidos con la concesión, junto a Yasser Arafat y a Shimon Peres, del Premio Nóbel de la Paz de 1994. En 1995 al retirarse de una asamblea por la paz, bajo el lema Sí a la paz no a la Violencia, es asesinado.",,351
"RABINOVICH DE LEVENSON, ELSA",vereda peatonal y jardín,"Ley Nº 1.128-2003, BO Nº 1.818. Elsa Rabinovich de Levenson (1911-1977), madre de Bernardo Levenson asesinado el l9 de mayo de 1976; es detenida el 17 de febrero de 1977. Fue vista por última vez en la Escuela de Mecánica de la Armada. Permanece desaparecida.",,351
RADIOAFICIONADOS VOLUNTARIOS VETERANOS DE GUERRA,espacio verde,"Ley Nº 1.418-2004, BO Nº 2.032. Radioaficionados Voluntarios Veteranos de Guerra: homenaje a los radioaficionados integrantes de la red de observadores del aire por su desempeño en el conflicto del Atlántico Sur de 1982.",,351
"RAGGIO DE BATTINI, MARÍA",cantero central,"Ley Nº 1.762-2005, BO Nº 2.278. María Raggio de Battini (1863-1937), maestra y directora de la primera Escuela de Niñas categoría infantil Nº 9, conocida como Escuela de la Recova habilitada el 15 de septiembre de 1897 en el ala sur de la recova del edificio de la administración del Mercado de Hacienda del barrio de Mataderos.",,352
"RAMÍREZ DE VELAZCO, JUAN",calle,"Velazco por Ordenanza del 27-11-1893 y por Decreto-Ordenanza N° 2.486-1949, BM N° 8.537, su nombre actual. Juan Ramírez de Velasco (?-1597), conquistador español; gobernador del Tucumán de 1584 a 1593; fundador de la ciudad de La Rioja en 1591. RAMÓN y CAJAL (calle). Ordenanza N° 1.697 del 30-6-1926, BM N° 838. Santiago Ramón y Cajal (1852-1934), médico histólogo y escritor español; autor de Manual de Histología y técnica micrográfica; Premio Nobel de Medicina (compartido con C. Golgi) en 1906 por su investigación acerca de la estructura del sistema nervioso; autor de Recuerdos de mi vida, Charlas de café y El mundo visto a los ochenta años. Cabe señalar en este caso que este homenaje fue realizado en vida del prestigioso médico.",,353
"RAVIOLI, PROFESORA MARINA MARGARITA",cantero central,"Ley Nº 2.767-2008 BO Nº 2.985. Marina Margarita Ravioli (1901-1977), educadora; maestra normal nacional y profesora Superior en Letras; directora desde 1937 del Instituto de Forma- ción Docente para Maestras Jardineras de la Argentina (actual ISPEI Sara Chamberlain de Eccleston).",,354
"RAZZANO, JOSÉ",plazoleta,"Ordenanza N° 45.591-1991, BM N° 19.205. José Razzano (1887-1960), cantor y compositor uruguayo; conocido como El Oriental; formó un renombrado dúo con Carlos Gardel; autor de Café de los Angelitos y Camino del Tucumán.",,355
"REGA MOLINA, HORACIO",plazoleta,"Ordenanza N° 31.485-1975, BM N° 15.094. Horacio Rega Molina (1899-1957), poeta y periodista; autor de La hora encantada, El poema de la lhvia, La víspera del buen amor, Azul de mapa, La posada del león y Sonetos de mi sangre.",,356
"RICCHERI,TENIENTE GENERAL PABLO",calle,"Ordenanza Nº 12.027-1940, BM N° 6.075-6.",,358
"RICCHERI, TENIENTE GENERAL PABLO",plaza,"Decreto Nº 2.179-1944, BM N° 7.170. Pablo Riccheri (1859-1936), militar; ministro de Guerra de Roca de 1900 a 1904, es suyo el proyecto de servicio militar obligatorio sancionado como ley en 1901; creador de la Escuela de Mecánica; adquiere Campo de Mayo y Campo Los Andes.",,358
"RIVERA, DIEGO",cantero central,"Ley Nº 644-2001, BO Nº 1.303. Diego Rivera (1886-1957) artista plástico mexicano; es uno de los protagonistas del movimiento de muralistas de su país, cuya influencia se propaga en toda América; su temática es de contenido social e indigenista; trabaja en diversos edificios públicos, como el Palacio Nacional donde queda inconcluso un imponente mural épico sobre la historia de México, o la obra La tierra fecunda en la Escuela Nacional de Agricultura de Chapingo.",,361
"RIZZUTO, FRANCISCO ANTONIO",plazoleta,"Ordenanza N° 36.680-1981, BM N° 16.529. Francisco Antonio Rizzuto (1883-1965), empresario de origen italiano; fundador del Instituto de Informes Comerciales VERITAS y de la revista del mismo nombre en 1919 y 1931, respectivamente, del Instituto Americano de Investigaciones Económicas, Jurídicas y Sociales en 1946 y de la Liga Pro Comportamiento Humano en 1964; autor de Autorretrato al pastel y Espigas de oro.",,362
"RODRÍGUEZ, CABO DE PATRICIOS ORENCIO PÍO",plazoleta,"Ordenanza N° 27.050-1972, BM N° 14.393. Orencio Pío Rodríguez (¿-?), cabo del tercio de Patricios; actúa valientemente y es herido durante la Reconquista de Buenos Aires en 1806. Es éste un nombre tradicional de la ciudad pues entre 1808 y 1822 se denominó Pío Rodríguez la actual avenida Santa Fe.",,365
"ROGER, AVIADOR ENRIQUE ADRIÁN",calle,"Ordenanza Nº 43.989-1989, BM N° 18.694. Enrique Adrián Roger (1888-1960), deportista, aviador, precursor de la aviación argentina; se inició en el motociclismo y el automovilismo; fundó y dirigió la primera revista especializada llamada La Argentina Automovilística entre 1908 y 1912.",,365
"ROHDE, CORONEL",calle,"Decreto N° 981-1945, BM N° 7.390. Jorge Rohde (1854-1903), militar de origen alemán; participa en 1879 en la campaña al Río Negro; explora en 1881 Bariloche, el Río Limay y el Nahuel Huapi; participa en 1883 en la campaña de los Andes; confecciona en 1885 el nuevo mapa del Gran Chaco y en 1889 los mapas de La Pampa, Río Negro y Neuquén; publica el Gran Mapa de la República Argentina.",,365
ROSALES,avenida,"Ordenanza del 23-7-1915. Leonardo Rosales (1792-1836), coronel de marina; combate durante la guerra contra el Brasil como comandante del bergantín Belgrano y de la goleta 8 de Febrero.",,367
"ROSALES, CAPITÁN CLAUDIO H.",calle,"Decreto del 9-1-1931, BM N° 2.424. Claudio H. Rosales (1897-1930), militar; muere durante la revolución del 6 de septiembre de 1930 en un accidente aéreo en Campo de Mayo.",,368
"ROSARIO, NUESTRA SEÑORA DEL",espacio público,"Ley Nº 1.760-2005, BO Nº 2.278. Nuestra Señora del Rosario: Advocación de la Virgen del Rosario cuya festividad instituyó el papa Pío V, en agradecimiento por la victoria de Lepanto ocurrida el 7 de octubre de 1571.",,368
"ROSAS, BRIGADIER GENERAL JUAN MANUEL DE",autopista,"Ley Nº 1.198-2003, BO Nº 1.852. Juan Manuel de Rosas (1793-1887), militar y político; gobernador de Buenos Aires de 1829 a 1832 y de 1835 a 1852.",,368
"ROZENMACHER, GERMÁN",cantero central; encauzadores de tránsito,"Ordenanza Nº 52.135- 1997, BO Nº 365. Germán Rozenmacher (1936-1971), cuentista, dramaturgo y periodista; escribe en el semanario político peronista Compañero y en la revista Así; autor de Cabecita Negra, Los ojos del tigre (cuentos); Réquiem para un sábado a la noche y El caballero de la India (obras teatrales).",,369
"RUANOVA, MARÍA",cantero central,"Ordenanza N° 45.305-1991, BM N° 19.182. María Ruanova (1912-1976), primera bailarina del Teatro Colón; maestra, directora y coreógrafa del SODRE (Teatro Oficial de Montevideo-Uruguay); maestra y directora del Ballet del Teatro Colón desde 1967 hasta 1976; entre sus interpretaciones figuran El lago de los Cisnes y La bella durmiente del bosque.",,369
"RUIZ MORENO, GENERAL JULIO",calle,"Decreto N° 1.339-1945, BM N° 7.409. Julio Ruiz Moreno (1840-1914), militar; combate en la guerra contra el Paraguay; jefe de la Frontera Sur de San Luis; participa en la Revolución de 1890.",,370
"SAINT-EXUPÉRY, ANTOINE DE",patio de recreación,"Ley Nº 639-2001, BO Nº 1.302. Antoine Jean-Baptiste Marie Roger de Saint-Exupéry (1900-1944), escritor y aviador francés; comienza a volar en la Sociedad Aéropostale y continúa haciéndolo en África y Sudamérica hasta el comienzo de la guerra. Durante la Segunda Guerra Mundial, su aeronave de reconocimiento, un Lockheed Lightning P-38 (conocido también como F-5), es derribado en el Mar Mediterráneo en lo que fue su última misión. Autor de El aviador, Tierra de hombre y El principito.",,375
"SALAMANCA, CIUDAD DE",cantero central,"Ordenanza N° 26.818-1972, BM N° 14.334. Salamanca: ciudad de España, capital de la provincia de su nombre.",,375
"SAMPAY, ARTURO ENRIQUE",cantero central,"Ordenanza N° 45.016-1991, BM N° 19.096. Arturo Enrique Sampay (1911-1977), jurisconsulto y constitucionalista; presidente de la Comisión de Estudios del Anteproyecto de Reformas a la Constitución Nacional del bloque Peronista y miembro informante en la Convención en 1949; entre sus obras se destacan La filosofía del iluminismo de la Constitución Argentina 1853, La crisis del estado de derecho liberal-burgués y La ontología del Estado.",,377
SÁNCHEZ,calle,"Ordenanza del 28-10-1904. Antonio Saturnino Sánchez (1795-1827), coronel; comandante de Armas de San Juan; teniente de gobernador de la Villa de Supe (Perú); combate en Pichincha; gobernador de Chayanta (Bolivia). Gregorio Sánchez (1797-1841), coronel; combate en el sitio de Montevideo; participa en la campaña de Ica de 1821 a 1822; actúa en 1826 en el Ejército de Observaciones sobre el Uruguay. Modesto Antonio Sánchez (1791-1857), teniente coronel; combate en el sitio de Montevideo y en Maipú; comisario de la seccional cuarta del Cuartel N° 25 en la calle Loria en 1826. Homenaje conjunto a los hermanos Sánchez, guerreros de la Independencia.",,378
"SÁNCHEZ VIAMONTE, CARLOS",cantero central,"Ordenanza Nº 43.401- 1988, BM N° 18.524. Carlos Sánchez Viamonte (1892-1972), abogado, doctor en ciencias jurídicas y sociales; profesor universitario, al producirse el golpe de estado de 1930 mantiene una oposición inflexible hacia el mismo; diputado nacional de 1940 a 1943; autor de La defensa de un juez, Democracia y socialismo, Hacia un nuevo derecho constitucional e Historia institucional argentina.",,379
SAN FRANCISCO JAVIER,plazoleta,"Ordenanza N° 44.719-1990, BM N° 18.960. San Francisco Javier (1506-1552), jesuita español; consagró su vida al servicio de Dios y de la Iglesia; se lo denominó “Apóstol de las Indias”; fue canonizado en 1622.",,380
"SAN TELMO, DE",plazoleta,"Ley N° 894-2002, BO N° 1.545. San Pedro González Telmo de Frómista (?-1246), sacerdote dominico proclamado Patrono de los navegantes y abogado de las tormentas. En 1806 se creó la parroquia de este nombre designándose a la iglesia de Nuestra Señora de Belén como sede de la misma.",,385
"SANTI, SOLDADO ARCHIVISTA MIGUEL",calle,"Decreto del 9-1-1931, BM N° 2.424. Miguel Santi (?-1930), soldado artillero que muere durante los sucesos revolucionarios del 6 de septiembre de 1930.",,385
SAN VICENTE DE PAUL,plazoleta,"Ordenanza N° 26.386-1972, BM N° 14.225. San Vicente de Paul (1576-1660), sacerdote francés; fundador de la Congregación de Las Hijas de la Caridad junto con Santa Luisa de Marillac, y de la Congregación de Sacerdotes de la Misión.",,386
SAN VLADIMIRO,plazoleta y paseo peatonal,"Ordenanza N° 40.613-1985, BM N° 17.558 y Ordenanza N° 44.528-1990, BM N° 18.942. Vladimiro I el Grande o San Vladimiro (956-1015), primer Zar de Rusia; llamado el Grande reúne bajo su cetro todo el imperio; impuso el cristianismo en toda Rusia.",,386
"SCHULTZ, ANA MARÍA",cantero central,"Ordenanza N° 52.158-1997, BO N° 392. Ana María Schultz (1935-?), deportista; figura de la natación argentina, comienza su carrera en San Lorenzo de Almagro; en la década de 1950 alcanza figuración internacional en 100 y 200 metros espalda; participa en los Juegos Olímpicos de Londres y Helsinski en 1948 y 1952; obtiene dos medallas de oro y una de bronce en los Juegos Panamericanos realizados en 1951 en Buenos Aires.",,389
"SEMIZA, BENIAMINO",pasaje peatonal,"Ordenanza N° 52.134-1998, BO N° 396. Beniamino Semiza (1902-1960) militante socialista; funda junto con José F. Penelón el Partido Concentración Obrera; militante de los sindicatos de obreros municipales y metalúrgicos; concejal de la ciudad de Buenos Aires de 1938 a 1941 y director de la caja de jubilaciones de los obreros municipales de 1938 a 1943.",,390
"SOBRAL, ALFÉREZ JOSÉ MARÍA",plaza,"Ordenanza N° 37.596-1982, BM N° 16.752. José María Sobral (1880-1961), militar y geólogo; participa en la expedición noruega al Polo Sur de 1901 a 1903; director de Mineralogía, Geología e Hidrología de 1922 a 1928; cónsul argentino en Oslo; autor de Dos años entre los hielos, El hielo y el mar y La exploración del continente antártico.",,392
"SOSA, JULIO",plazoleta,"Ordenanza N° 32.391-1975, BM N° 15.178. Julio Sosa (1926-1964), cantor de tango de origen uruguayo; autor de Dos horas antes del alba, interpreta con singular éxito Por qué canto así, Madame Ivonne, Araca corazón, Margot y Que me quiten lo bailao; muere en un accidente automovilístico en el momento de su mayor éxito.",,394
"TANGO, DEL",plazoleta,"Ordenanza N° 38.495-1982, BM N° 16.928. Tango: homenaje a la música nacional ciudadana.",,404
"TEJADA GÓMEZ, ARMANDO",cantero central,"Ley Nº 1.123-2003, BO Nº 1.818. Armando Tejada Gómez (1929-1992), poeta y compositor; autor junto con el músico César Isella de Canción para todos y Fuego en Animaná. Autor de los libros Tonadas de la piel, Antología de Juan y Canto popular de las comidas.",,405
"TERÁN DE WEISS, MARY",cantero central,"Ordenanza N° 52.158-1997, BO N° 392 y Ordenanza Nº 52.134-1997, BO Nº 396. María Luisa Terán de Weiss (1934-1984), tenista; gana los campeonatos internacionales en singles y dobles de Uruguay, Brasil, Dinamarca, Suiza, Bélgica, Yugoslavia, Austria, Francia, España, Filipinas, Grecia, Turquía, Israel, Líbano, Pakistán, India, Egipto, Italia, Portugal y Nicosia.",,406
"TERESA DE CALCUTA, MADRE",espacio verde,"Ley Nº 2.381-2007, BO Nº 2.747. Agnes Gonxha Bajaxhiu (1910-1997), religiosa albanesa; inicia su noviciado en el año 1928 al ingresar a la Orden de las Hermanas de Loreto en la ciudad de Dublín y recibe el nombre de Teresa por el de Santa Teresa de Lisleux. En 1929 llega a la India donde enseña geografía en la escuela de un convento en Calcuta; en 1936 hace votos de pobreza, castidad y obediencia; en 1949 funda la Orden Religiosa de las Misioneras de la Caridad; en 1979 recibe el Premio Nobel de la Paz por su trabajo con los desamparados y moribundos del mundo.",,406
"TORRIJOS, OMAR",cantero,"Ordenanza N° 51.847-1997, BO Nº 287. Omar Torrijos (1921-1981), militar y político panameño; participa en el derrocamiento de Arnulfo Arias en 1968; nombrado Jefe de Gobierno en 1972, sigue una línea reformista en la política interior y formula enérgicas reclamaciones de la Zona del Canal a EE.UU., las que culminan en 1977, con la firma del tratado con ese país, por el que se fija para el año 2000 la restitución a Panamá de la soberanía sobre el mismo.",,410
TRIC Y TRAKE,cantero central,"Ley N° 431-2000, BO N° 1.002. Tric yTrake: protagonista de la historieta creada por Federico Norberto Daloisio, que aparece por primera vez en el diario El Mundo y que en 1954 comienza a publicarse como revista.",,412
UNIÓN EUROPEA,cantero central,"Ley N° 2.030-2006, BO Nº 2.507. Unión Europea: organización supranacional europea dedicada a incrementar la integración económica y política, y reforzar la cooperación entre sus estados miembros. Establecida el 1º de noviembre de 1993, cuando entra en vigor el Tratado de la Unión Europea (TUE), es la sucesora de las Comunidades Europeas, creadas en los años 50 del siglo XX. El proceso hacia la unificación de Europa tiene un momento destacado en 2002 con la entrada en circulación del euro, como moneda de curso legal en los países del grupo.",,417
URIBURU,calle,"Ordenanza del 28-10-1904. Evaristo de Uriburu (1796-1885), coronel; combate en las Piedras, Tucumán, Salta y Chacabuco; gobernador de Salta en 1831, 1838 y 1842.",,418
"URQUIZA, CAPITÁN GENERAL JUSTO JOSÉ DE URQUIZA",plaza,"Ordenanza Nº 5.243-1933, BM Nº 3.492-3.",,418
"VALLEJO, CÉSAR",cantero central,"Ley N° 644-2001, BO N° 1.303. César Vallejo (1892-1938), poeta peruano alineado en el movimiento surrealista junto a André Bretón; autor de Los heraldos negros, Trilce, España y Aparta de mí este cáliz.",,422
"VÁZQUEZ, RAMÓN",cantero central,"Ley N° 838-2002, BO N° 1.510. Ramón Vázquez (1897-1983), futbolista de Huracán, equipo con el que se consagra campeón en 1921, 1922 y 1925; fundador de la Asociación Mutual Veteranos del Club Atlético Huracán.",,424
"VICUÑA MACKENA, BENJAMÍN",plaza,"Decreto N° 5.959-1945, BM N° 7.578. Benjamín Vicuña Mackena (1831-1886), político e historiador chileno; redactor jefe de El Mercurio de Valparaíso; intendente de Santiago de Chile; senador en 1876; autor de El ostracismo del general Bernardo O´Higgins, La revolución de la independencia del Perú e Historia de la campaña de Lima.",,430
"VIDA, DE LA",paseo,"Ley Nº 2.158-2006, BO Nº 2.601. De la Vida: con este nombre se rinde homenaje al reconocido médico René Favaloro (1923-2000) por su aporte a la cardiología y a la cirugía cardiovascular, al crear el puente aortocoronario, más conocido como bypass.",,430
"VIRREYES, DE LOS",plaza,"Ordenanza N° 35.267-1979, BM N° 16.133. Virreyes: recuerda a la suprema representación del monarca español en América durante la época hispánica.",,434
"YUPANQUI, ATAHUALPA",cantero central,"Ley Nº 1.125-2003, BO Nº 1.818. Héctor Roberto Chavero (1908-1992), poeta, compositor, recopilador y guitarrista; autor de Camino del Indio, Luna tucumana, Piedra y camino y el Payador perseguido.",,441
"ZAPIOLA, BRIGADIER GENERAL JOSÉ MATÍAS",plaza,"General Zapiola por Ordenanza del 28-11-1894 y por Ordenanza N° 35.678-1980, BM N° 16.255, su nombre actual. José Matías Zapiola (1780-1874), militar; organizador del Regimiento de Granaderos a Caballo; combate en Chacabuco y Maipú; organiza los elementos navales que actúan en la guerra contra el Brasil; comandante general de Marina en 1825, 1852 y 1858; ministro de Guerra y Marina de Valentín Alsina de 1857 a 1859.2",,443
"ZITARROSA, ALFREDO",paseo,"Ley N° 398-2000, BO Nº 983. Alfredo Zitarrosa (1936-1989), compositor e intérprete uruguayo; alcanza por su particular estilo y capacidad una alta jerarquía en ambas orillas del Río de la Plata; autor de Doña Soledad, Guitarra Negra y El violín de Becho.",,445
"ZULOAGA, BRIGADIER GENERAL ÁNGEL MARÍA",paseo,"Ordenanza N° 44.901-1991, BM N° 19.068. Ángel María Zuloaga (1885-1975), militar y aviador; efectuó en 1915 la primera travesía de la Cordillera de los Andes en globo libre; autor de Contribución al estudio de la organización y táctica de la aeronáutica militar, Arte y ciencia de volar, Curso elemental de aeronáutica y La victoria de las alas.",,446
